,username,user_url
0,lessublimes,https://www.instagram.com/lessublimes/
1,lessublimes,https://www.instagram.com/lessublimes/
2,lora_luneee,https://www.instagram.com/lora_luneee/
3,klotoux,https://www.instagram.com/klotoux/
4,traverse_nu_pieds,https://www.instagram.com/traverse_nu_pieds/
5,ateliercazelle,https://www.instagram.com/ateliercazelle/
6,alphacat.fr,https://www.instagram.com/alphacat.fr/
7,catypy,https://www.instagram.com/catypy/
8,vicplusgreen,https://www.instagram.com/vicplusgreen/
9,estampille__,https://www.instagram.com/estampille__/
10,tudigo_fr,https://www.instagram.com/tudigo_fr/
11,valeurcouture,https://www.instagram.com/valeurcouture/
12,stylesurlaville,https://www.instagram.com/stylesurlaville/
13,boicail,https://www.instagram.com/boicail/
14,sissi100fils,https://www.instagram.com/sissi100fils/
15,chez_pomponnette,https://www.instagram.com/chez_pomponnette/
16,bijouteriegemme,https://www.instagram.com/bijouteriegemme/
17,kidsdressing.be,https://www.instagram.com/kidsdressing.be/
18,comment_je_mhabille,https://www.instagram.com/comment_je_mhabille/
19,_fripefromdesire_,https://www.instagram.com/_fripefromdesire_/
20,paris.lille,https://www.instagram.com/paris.lille/
21,marthe_duval,https://www.instagram.com/marthe_duval/
22,cosmik__magik,https://www.instagram.com/cosmik__magik/
23,studioorie,https://www.instagram.com/studioorie/
24,suncooorleans,https://www.instagram.com/suncooorleans/
25,cometeparis,https://www.instagram.com/cometeparis/
26,leschineuseslilloises,https://www.instagram.com/leschineuseslilloises/
27,lilook.fr,https://www.instagram.com/lilook.fr/
28,didoodahcrea,https://www.instagram.com/didoodahcrea/
29,ghislaine_studio_simone,https://www.instagram.com/ghislaine_studio_simone/
30,cocottefirenze,https://www.instagram.com/cocottefirenze/
31,whatwhatjune,https://www.instagram.com/whatwhatjune/
32,mylaneofficiel,https://www.instagram.com/mylaneofficiel/
33,les3tricoteurs,https://www.instagram.com/les3tricoteurs/
34,lindiscrete,https://www.instagram.com/lindiscrete/
35,basicsartisan,https://www.instagram.com/basicsartisan/
36,lelapinrieur,https://www.instagram.com/lelapinrieur/
37,shop.heymama,https://www.instagram.com/shop.heymama/
38,gaianneparis,https://www.instagram.com/gaianneparis/
39,zeemanvire,https://www.instagram.com/zeemanvire/
40,zeemanvire,https://www.instagram.com/zeemanvire/
41,zeemanvire,https://www.instagram.com/zeemanvire/
42,ileopepites,https://www.instagram.com/ileopepites/
43,lehanabella,https://www.instagram.com/lehanabella/
44,_ramonalisa_,https://www.instagram.com/_ramonalisa_/
45,lehanabella,https://www.instagram.com/lehanabella/
46,la_petite_luce,https://www.instagram.com/la_petite_luce/
47,reklothing,https://www.instagram.com/reklothing/
